"","Site","Season","NN","TA","pH","percent_sgd"
"1","BP","FALL",2.222125,2276.314836725,8.03132476315,1.5797701511375
"2","BP","SPRING",3.43095890410959,2266.32520171233,8.08633892479452,2.51425071591781
"3","W","FALL",0.77825,2240.1797745125,8.0451,2.1548772609375
"4","W","SPRING",0.642470588235294,2265.03068008235,7.98427058823529,1.75778993765882
